{"26405488_left": {"pose": [0.1113325872574514, 0.8207481722451926, 0.04550905451430457, -1.64633974845365, -0.17857016318886476, -2.937663676632542], "timestamp": 1673597556.0704472}, "26405488_right": {"pose": [-0.009417838799177, 0.7972668750161092, 0.0693151223699266, -1.6473025257925253, -0.18917295438381165, -2.942218897492042], "timestamp": 1673597557.3687217}, "19824535_left": {"pose": [-0.07528310648512061, 0.02872136764193708, 0.023316565592628957, -0.3255773557130956, 0.006247432431090383, -1.562874530416053], "timestamp": 1680893804.7454631}, "19824535_right": {"pose": [-0.06961440752114842, -0.035396599227355253, 0.020410786906711484, -0.31886273624702377, 0.007822018427507738, -1.552143062181081], "timestamp": 1680893807.0068362}, "29838012_left": {"pose": [0.41548840480128696, 0.4775470950869088, 0.4114322255308952, -2.2160410202605263, -0.02257694787387754, -2.963723863071196], "timestamp": 1686263782.2506583}, "29838012_right": {"pose": [0.294022371612491, 0.45672117609819446, 0.4111009411005134, -2.2079948175639927, -0.01940119744356439, -2.959776211707233], "timestamp": 1686263784.2242827}, "23404442_left": {"pose": [0.25955495037528126, -0.5001018266363574, 0.436881899751338, -2.2773456296459424, 0.3361897716248827, -0.5369007045203406], "timestamp": 1686263149.2820735}, "23404442_right": {"pose": [0.3520388119867355, -0.5577297192334658, 0.4018245547798702, -2.279806362246719, 0.34639742666205775, -0.5475215836690435], "timestamp": 1686263151.7758524}, "32439448_left": {"pose": [-0.011930322455035863, -0.5052375971445802, 0.5305409666843396, -2.1503857938745714, -0.0579368652605845, -0.7170107743154928], "timestamp": 1776217613.4298532}, "32439448_right": {"pose": [0.07769185519575333, -0.5786862252972075, 0.5392523899092218, -2.1553759440799602, -0.06050235571731366, -0.7212666669627219], "timestamp": 1776217614.8465376}, "31425515_left": {"pose": [0.9475503255999258, -0.07258467492956239, 0.5425620376684903, -1.996609662274615, -0.04244962814586306, 1.054097793659585], "timestamp": 1776217811.3199656}, "31425515_right": {"pose": [1.0009840317734855, 0.04021745380785843, 0.5507716516809298, -2.004089831028277, -0.050020359456819374, 1.0659991648287435], "timestamp": 1776217813.092378}, "14846828_left": {"pose": [-0.08255419900341726, 0.0280868986659048, 0.01662049767991674, -0.39783265486596053, 0.011180251319528267, -1.5685333836722442], "timestamp": 1776392556.731312}, "14846828_right": {"pose": [-0.0804721605254062, -0.02765116437125526, 0.018501769697609676, -0.392189134759219, 0.026107248709674957, -1.5820464422047058], "timestamp": 1776392558.0222392}}